id,energy_kj_mol,density_g_cm3,gpwdf,gpwdf_rank,vcpwdf,vcpwdf_rank
ACETAC01-QR-33-343-3,-61.0916,1.2737,0.6830216,7,0.013790655,1
ACETAC01-QR-33-627-3,-57.1067,1.2634,0.8310611,24,0.081212952,2
ACETAC01-QR-33-488-3,-42.6886,1.2452,0.8112295,19,0.089994398,3
ACETAC01-QR-33-193-3,-54.4038,1.2944,0.7126886,9,0.102401884,4
ACETAC01-QR-33-127-3,-44.3201,1.2764,0.5138518,2,0.11948603,5
ACETAC01-QR-33-986-3,-54.8189,1.1721,0.7702295,14,0.124157304,6
ACETAC01-QR-33-278-3,-54.2653,1.2845,0.8428067,26,0.125828538,7
ACETAC01-QR-33-781-3,-59.3765,1.2103,0.5648406,3,0.12767371,8
ACETAC01-QR-33-691-3,-42.9514,1.2458,0.920495,43,0.139174865,9
ACETAC01-QR-33-703-3,-56.3614,1.2328,0.8634849,31,0.141589715,10
ACETAC01-QR-33-397-3,-56.0414,1.2163,0.7768178,15,0.148630341,11
ACETAC01-QR-33-686-3,-51.6945,1.1901,0.9576538,47,0.163069412,12
ACETAC01-QR-33-860-3,-51.6203,1.1075,0.8155672,21,0.164206095,13
ACETAC01-QR-33-1014-3,-39.8638,1.1906,0.8243746,23,0.176435947,14
ACETAC01-QR-33-503-3,-53.4002,1.3241,0.8146355,20,0.177458703,15
ACETAC01-QR-33-1070-3,-51.4613,1.3097,0.8579242,30,0.190771526,16
ACETAC01-QR-33-23-3,-38.6758,1.1923,0.7876941,18,0.201528668,17
ACETAC01-QR-33-357-3,-57.3058,1.2911,0.9459708,46,0.20832348,18
ACETAC01-QR-33-883-3,-42.8354,1.2509,0.9101818,39,0.225803899,19
ACETAC01-QR-33-493-3,-53.5295,1.2572,0.9361792,45,0.241919405,20
ACETAC01-QR-33-678-3,-49.7035,1.1521,0.9700907,49,0.264438382,21
ACETAC01-QR-33-705-3,-45.4629,1.1023,0.9192833,42,0.273738,22
ACETAC01-QR-33-102-3,-47.9333,1.2716,0.4763575,1,0.275730766,23
ACETAC01-QR-33-1072-3,-49.2171,1.2917,0.5704488,4,0.279151329,24
ACETAC01-QR-33-270-3,-35.9884,1.1324,0.8916195,35,0.297834469,25
ACETAC01-QR-33-356-3,-56.2545,1.2285,0.7783847,17,0.338063593,26
ACETAC01-QR-33-82-3,-50.6679,1.3103,0.6120191,5,0.339288316,27
ACETAC01-QR-33-359-3,-49.3113,1.2162,0.7097405,8,0.346872297,28
ACETAC01-QR-33-192-3,-57.6377,1.3032,0.8553928,29,0.350678147,29
ACETAC01-QR-33-31-3,-45.1946,1.3278,0.9181087,41,0.351646263,30
ACETAC01-QR-33-521-3,-53.8051,1.2549,0.8207127,22,0.363735224,31
ACETAC01-QR-33-551-3,-45.6159,1.3019,0.7555371,12,0.377131616,32
ACETAC01-QR-33-232-3,-49.8406,1.257,0.8950757,36,0.379805389,33
ACETAC01-QR-33-992-3,-54.8117,1.2708,0.8472842,28,0.38273423,34
ACETAC01-QR-33-459-3,-44.6,1.3026,0.7480777,11,0.384676626,35
ACETAC01-QR-33-365-3,-56.7992,1.2448,0.9704011,50,0.391413842,36
ACETAC01-QR-33-333-3,-59.7856,1.3506,0.9808059,51,0.402370311,37
ACETAC01-QR-33-879-3,-50.4425,1.3065,0.661693,6,0.403515718,38
ACETAC01-QR-33-474-3,-42.3233,1.2941,0.8999528,37,0.405651149,39
ACETAC01-QR-33-98-3,-43.6318,1.277,0.7645707,13,0.421489047,40
ACETAC01-QR-33-95-3,-47.2059,1.3597,0.868596,33,0.424196954,41
ACETAC01-QR-33-351-3,-59.7467,1.3522,0.9603378,48,0.426271812,42
ACETAC01-QR-33-789-3,-51.6177,1.3191,0.8357408,25,0.428518505,43
ACETAC01-QR-33-236-3,-43.9122,1.2478,0.7783628,16,0.440606932,44
ACETAC01-QR-33-560-3,-46.4518,1.2967,0.8888646,34,0.497820118,45
ACETAC01-QR-33-1111-3,-32.8682,1.1761,0.9269133,44,0.530169368,46
ACETAC01-QR-33-338-3,-57.4781,1.3192,0.9129266,40,0.541048485,47
ACETAC01-QR-33-414-3,-38.5071,1.1769,0.7337723,10,0.560109875,48
ACETAC01-QR-33-882-3,-57.4349,1.295,0.9089856,38,0.585880773,49
ACETAC01-QR-33-220-3,-56.3188,1.1818,0.8432455,27,0.587629479,50
ACETAC01-QR-33-440-3,-54.6351,1.2039,0.8651536,32,0.714850689,51
